epoch,train_loss,train_acc,val_loss,val_acc,lr,epoch_time_s
1,1.6759907330496837,0.288135593220339,1.4071892738342284,0.25,0.001,6.922743599978276
2,1.4723048189939079,0.3220338983050847,1.491182518005371,0.1,0.0009996145181203615,6.4583967999788
3,1.5827700566437284,0.2711864406779661,1.49472975730896,0.2,0.000998458666866564,6.481555700069293
4,1.4564743547116297,0.3220338983050847,1.5745426177978517,0.25,0.0009965342284774632,6.3154829000122845
5,1.400538305104789,0.4406779661016949,1.5399558067321777,0.25,0.0009938441702975688,6.562464699964039
6,1.3521264831898576,0.3220338983050847,1.4937878131866456,0.35,0.0009903926402016151,6.417875200044364
7,1.344069998143083,0.3728813559322034,1.5336787700653076,0.25,0.0009861849601988382,6.600172700011171
8,1.379808405698356,0.3050847457627119,1.5585466861724853,0.2,0.0009812276182268236,6.433621500036679
9,1.2773100218530429,0.423728813559322,1.5511844873428344,0.25,0.0009755282581475768,6.5889376000268385
10,1.2917264093786984,0.423728813559322,1.5897332191467286,0.25,0.0009690956679612421,6.598504599998705
11,1.293372061293004,0.4915254237288136,1.5618151426315308,0.2,0.0009619397662556433,6.599836600013077
12,1.3119486287488775,0.423728813559322,1.4861943006515503,0.25,0.0009540715869125406,6.785401900066063
13,1.2794524835327925,0.4915254237288136,1.4715028047561645,0.2,0.0009455032620941839,6.6514939001062885
14,1.354296363006204,0.3728813559322034,1.4662971258163453,0.2,0.0009362480035363986,7.2392741000512615
15,1.3121459039591126,0.3728813559322034,1.5134143352508544,0.25,0.0009263200821770461,6.744235599995591
16,1.2757343801401428,0.4915254237288136,1.5532100677490235,0.3,0.0009157348061512728,6.440024100011215
17,1.3030399629625224,0.423728813559322,1.5125980138778687,0.25,0.0009045084971874739,6.494930499931797
18,1.2773038290314755,0.3728813559322034,1.4830146312713623,0.3,0.0008926584654403725,6.475703899981454
19,1.2385507236092776,0.4745762711864407,1.4721317768096924,0.3,0.0008802029828000156,6.529082500026561
20,1.2553915512763847,0.4576271186440678,1.4826401710510253,0.3,0.0008671612547178428,6.440391600015573
21,1.2398520930338714,0.423728813559322,1.5107006549835205,0.25,0.0008535533905932737,6.505803999956697
22,1.3112414105463837,0.3559322033898305,1.517505979537964,0.3,0.0008394003727664709,6.27637139998842
23,1.2719906245247792,0.4406779661016949,1.5098711013793946,0.3,0.0008247240241650919,6.161926400032826
24,1.1923721119508905,0.4745762711864407,1.5084023475646973,0.25,0.000809546974654917,5.998761800001375
25,1.166506276292316,0.4915254237288136,1.4989716053009032,0.2,0.0007938926261462366,6.1023957000579685
26,1.312771807282658,0.4576271186440678,1.4878246068954468,0.2,0.0007777851165098012,6.375354200019501
27,1.149340985185009,0.5423728813559322,1.476789379119873,0.3,0.0007612492823579744,6.524582300102338
28,1.2217090352106903,0.4915254237288136,1.4692304372787475,0.35,0.0007443106207484776,6.535266400082037
29,1.2538847014055414,0.423728813559322,1.456576442718506,0.3,0.0007269952498697734,6.522972299950197
30,1.2062992786957045,0.4745762711864407,1.4161125421524048,0.25,0.0007093298687687142,6.46259170002304
31,1.1584794501126823,0.5084745762711864,1.3997732877731324,0.3,0.000691341716182545,6.485820900066756
32,1.2312375509132774,0.4915254237288136,1.4257648944854737,0.35,0.0006730585285387465,6.939763700007461
33,1.2275062718633878,0.4576271186440678,1.3884414434432983,0.4,0.0006545084971874737,8.583209800068289
34,1.1705674539178104,0.5423728813559322,1.3750734806060791,0.4,0.0006357202249325371,8.690615199971944
35,1.25412565368717,0.5254237288135594,1.4167113542556762,0.4,0.0006167226819279528,6.678639900055714
36,1.173268968776121,0.5423728813559322,1.4325559616088868,0.3,0.0005975451610080642,6.600541500025429
37,1.2394306013139629,0.5084745762711864,1.448661994934082,0.35,0.0005782172325201155,6.48523039999418
38,1.08690604719065,0.6101694915254238,1.470569086074829,0.35,0.0005587686987289189,6.758451000088826
39,1.1201454592963396,0.5932203389830508,1.4515948295593262,0.35,0.0005392295478639225,6.581403900054283
40,1.247976751650794,0.4067796610169492,1.441203784942627,0.3,0.0005196299078795343,6.558622199925594
41,1.119227964999312,0.6101694915254238,1.4198976039886475,0.3,0.0005,6.514997199992649
42,1.1611404661404885,0.4915254237288136,1.4218477010726929,0.3,0.00048037009212046586,6.570431399974041
43,1.2229142249640772,0.5254237288135594,1.4316534996032715,0.3,0.00046077045213607765,6.803312800009735
44,1.1383900622190055,0.4915254237288136,1.4045093059539795,0.3,0.0004412313012710813,6.539005000027828
45,1.1974649469731218,0.4745762711864407,1.3839011669158936,0.3,0.00042178276747988476,6.675356300082058
46,1.1539603754625483,0.559322033898305,1.3645870685577393,0.3,0.000402454838991936,6.5237930000294
47,1.191222174692962,0.5254237288135594,1.3418403148651123,0.2,0.00038327731807204744,6.6649514000164345
48,1.115802587088892,0.5423728813559322,1.3349743127822875,0.2,0.00036427977506746286,6.639104100060649
49,1.2368459822767872,0.5084745762711864,1.3304278612136842,0.35,0.00034549150281252644,6.579215799923986
50,1.1264729651354126,0.5932203389830508,1.336806297302246,0.45,0.00032694147146125374,6.602761900052428
51,1.1527477361388125,0.5084745762711864,1.3460415601730347,0.3,0.0003086582838174553,6.533293999964371
52,1.188831076783649,0.4745762711864407,1.3777922868728638,0.35,0.00029067013123128623,6.386957600014284
53,1.197024987915815,0.5084745762711864,1.3982377529144288,0.3,0.0002730047501302268,6.520599400042556
54,1.1412354121773929,0.5254237288135594,1.407482099533081,0.3,0.0002556893792515226,6.703275899984874
55,1.110217791492656,0.5932203389830508,1.4059884071350097,0.3,0.00023875071764202575,6.720312499906868
56,1.0735206260519512,0.5423728813559322,1.3990713357925415,0.3,0.000222214883490199,6.558913600048982
57,1.0665622161606612,0.6101694915254238,1.412249708175659,0.3,0.00020610737385376362,6.527636300073937
58,1.0798569695424225,0.559322033898305,1.411624002456665,0.3,0.00019045302534508325,6.535729099996388
59,1.1295568336874753,0.576271186440678,1.4139540195465088,0.3,0.00017527597583490834,6.479236799990758
60,1.1417391845735454,0.5254237288135594,1.417705774307251,0.3,0.00016059962723352937,6.499834100017324
61,1.108763529082476,0.5932203389830508,1.4081132411956787,0.3,0.00014644660940672634,6.396418599993922
62,1.1120587567151603,0.5932203389830508,1.3986374378204345,0.3,0.00013283874528215728,6.448310300009325
63,1.1139157525563643,0.5932203389830508,1.3957059860229493,0.3,0.00011979701719998459,6.77004589990247
64,1.0254271636574954,0.6610169491525424,1.3914539337158203,0.3,0.00010734153455962758,6.421407500049099
65,1.1735291622452817,0.4576271186440678,1.3765807151794434,0.3,9.549150281252637e-05,6.7623672999907285
66,1.103229437844228,0.5932203389830508,1.363817024230957,0.3,8.426519384872752e-05,6.271049199975096
67,1.1555015495267964,0.5254237288135594,1.3661384582519531,0.35,7.367991782295393e-05,6.480187100009061
68,1.0797354245589952,0.5254237288135594,1.3529052019119263,0.35,6.375199646360154e-05,6.380864400067367
69,1.1825715465060735,0.5254237288135594,1.3508094787597655,0.35,5.4496737905816116e-05,6.471176300081424
70,1.128305681681229,0.5423728813559322,1.3416165351867675,0.3,4.592841308745933e-05,6.413573800004087
71,1.1440731196080225,0.5423728813559322,1.34436137676239,0.3,3.806023374435664e-05,6.386130500002764
72,1.181065320968628,0.559322033898305,1.3399782657623291,0.3,3.0904332038757926e-05,6.468199199996889
73,1.0824662608615423,0.559322033898305,1.340392518043518,0.3,2.4471741852423238e-05,6.406763699953444
74,1.1075106212648296,0.5932203389830508,1.3392266273498534,0.3,1.877238177317642e-05,6.901914000045508
75,1.1833059605905565,0.5084745762711864,1.3327245235443115,0.3,1.3815039801161723e-05,6.655324800056405
