train_loss,val_loss,train_acc,val_acc
1.4038152755317042,1.267598843574524,0.3050847457627119,0.35
0.8005816512188669,0.8417266249656677,0.7796610169491526,0.75
0.47255231263273856,0.5007379710674286,0.8983050847457628,0.9
0.23182354210797002,0.38538594990968705,0.9661016949152542,0.9
0.25666401699437935,0.3350636690855026,0.9491525423728814,0.9
0.11922242328272027,0.2305932231247425,1.0,0.9
0.07606760917578713,0.1747428558766842,1.0,0.95
0.03202706291261366,0.15182553008198738,1.0,1.0
0.02921703666196031,0.14043148010969161,1.0,1.0
0.04418009803709337,0.10740396603941918,1.0,1.0
0.025925738421284546,0.09212646633386612,0.9830508474576272,1.0
0.026164816203132525,0.09527047611773014,1.0,1.0
0.010672898371151443,0.09375737309455871,1.0,1.0
0.018809728766396895,0.0895398236811161,1.0,1.0
0.023314522358320527,0.09150899723172187,1.0,1.0
0.0089139162988986,0.102250137925148,1.0,1.0
0.008782583951823792,0.11677626967430114,1.0,1.0
0.021193842490408885,0.10674389824271202,1.0,1.0
0.01382246648229785,0.09103625938296318,1.0,1.0
0.0034947292602984076,0.0877798330038786,1.0,1.0
