path,identity,label,split
2336/164485.jpg,2336,0,train
2336/164885.jpg,2336,0,train
2336/165685.jpg,2336,0,train
2336/167141.jpg,2336,0,train
2336/170089.jpg,2336,0,train
2336/170253.jpg,2336,0,val
2336/172268.jpg,2336,0,val
2336/172502.jpg,2336,0,train
2336/172736.jpg,2336,0,train
2336/173519.jpg,2336,0,test
2336/174476.jpg,2336,0,val
2336/174486.jpg,2336,0,train
2336/174818.jpg,2336,0,test
2336/175969.jpg,2336,0,train
2336/176863.jpg,2336,0,train
2336/176923.jpg,2336,0,val
2336/176926.jpg,2336,0,test
2336/177788.jpg,2336,0,train
2336/178941.jpg,2336,0,test
2336/179058.jpg,2336,0,test
2336/179829.jpg,2336,0,train
2336/180362.jpg,2336,0,val
2336/180676.jpg,2336,0,train
2336/180987.jpg,2336,0,train
2336/181421.jpg,2336,0,train
2970/014435.jpg,2970,1,train
2970/018364.jpg,2970,1,train
2970/023824.jpg,2970,1,test
2970/037013.jpg,2970,1,val
2970/037362.jpg,2970,1,train
2970/040067.jpg,2970,1,train
2970/050785.jpg,2970,1,train
2970/053583.jpg,2970,1,test
2970/053704.jpg,2970,1,train
2970/056956.jpg,2970,1,val
2970/059300.jpg,2970,1,train
2970/066991.jpg,2970,1,test
2970/079293.jpg,2970,1,test
2970/085698.jpg,2970,1,train
2970/088573.jpg,2970,1,train
2970/096579.jpg,2970,1,val
2970/112624.jpg,2970,1,train
2970/115873.jpg,2970,1,val
2970/115896.jpg,2970,1,train
2970/126467.jpg,2970,1,train
2970/134512.jpg,2970,1,train
2970/136196.jpg,2970,1,train
2970/140037.jpg,2970,1,val
2970/143208.jpg,2970,1,train
2970/155764.jpg,2970,1,test
4422/000175.jpg,4422,2,test
4422/004354.jpg,4422,2,train
4422/014356.jpg,4422,2,train
4422/027448.jpg,4422,2,train
4422/031675.jpg,4422,2,train
4422/034517.jpg,4422,2,val
4422/035594.jpg,4422,2,train
4422/041625.jpg,4422,2,train
4422/043327.jpg,4422,2,test
4422/067800.jpg,4422,2,train
4422/073704.jpg,4422,2,test
4422/073849.jpg,4422,2,train
4422/079954.jpg,4422,2,train
4422/081031.jpg,4422,2,val
4422/084180.jpg,4422,2,train
4422/091150.jpg,4422,2,val
4422/094334.jpg,4422,2,train
4422/117179.jpg,4422,2,train
4422/122740.jpg,4422,2,train
4422/130946.jpg,4422,2,train
4422/131882.jpg,4422,2,train
4422/137002.jpg,4422,2,val
4422/141341.jpg,4422,2,test
4422/143189.jpg,4422,2,test
4422/150344.jpg,4422,2,val
7007/000491.jpg,7007,3,val
7007/004680.jpg,7007,3,val
7007/008453.jpg,7007,3,train
7007/009812.jpg,7007,3,val
7007/010363.jpg,7007,3,train
7007/011677.jpg,7007,3,train
7007/017103.jpg,7007,3,train
7007/029779.jpg,7007,3,train
7007/035390.jpg,7007,3,train
7007/036181.jpg,7007,3,test
7007/061192.jpg,7007,3,train
7007/067739.jpg,7007,3,test
7007/081708.jpg,7007,3,test
7007/095414.jpg,7007,3,test
7007/099068.jpg,7007,3,val
7007/113130.jpg,7007,3,val
7007/122097.jpg,7007,3,train
7007/128347.jpg,7007,3,train
7007/135536.jpg,7007,3,train
7007/150463.jpg,7007,3,test
7007/157709.jpg,7007,3,train
7007/158011.jpg,7007,3,train
7007/158812.jpg,7007,3,train
7007/161759.jpg,7007,3,train
