file,image,category,caption,note
01_success_crowded_test_0066.jpg,test_0066.jpg,Success: crowded scene,"original scene, 4 labelled faces; 4 found correctly (confidence 0.98).","All four identities in one room, each named correctly at 0.98: the typical result on original scenes."
02_success_crowded_test_0010.jpg,test_0010.jpg,Success: crowded scene,"original scene, 4 labelled faces; 4 found correctly (confidence 0.98-0.99).","Three faces close together (without overlapping) still get tight, separate boxes."
03_success_augmented_test_aug_0051.jpg,test_aug_0051.jpg,Success: augmented scene,"augmented copy, 4 labelled faces; 4 found correctly (confidence 0.97).",Grey-scale copy with a dropout hole on id_7007's face and id_2970 cut by the top-left border: identity is recognized without colour and with partial occlusion.
04_success_augmented_test_aug_0068.jpg,test_aug_0068.jpg,Success: augmented scene,"augmented copy, 4 labelled faces; 4 found correctly (confidence 0.96-0.98).","Several dropout holes, and faces at the bottom-left and right borders, are all handled correctly."
05_success_small_test_0069.jpg,test_0069.jpg,Success: small faces,"original scene, 3 labelled faces; 3 found correctly (confidence 0.97-0.98).","The smallest face in this selection (id_4422 on the right, about 90 px tall) is still found and named correctly."
06_fail_identity_test_aug_0077.jpg,test_aug_0077.jpg,Failure: identity confusion,"augmented copy, 3 labelled faces; 1 found correctly (id_2336, 0.98); **id_2970 predicted as id_4422** (0.92); **id_4422 predicted as id_2970** (0.89).","The Milestone 1 look-alike pair (id_2970 / id_4422) swapped in both directions, with high confidence: the id_2970 face is cut by the left border and the id_4422 face has a dropout hole. Raising the threshold cannot fix confident confusions like these."
07_fail_identity_test_0082.jpg,test_0082.jpg,Failure: identity confusion,"original scene, 4 labelled faces; 3 found correctly (confidence 0.97-0.98); **id_7007 predicted as id_4422** (0.96).","id_7007 predicted as id_4422 is the detector's most frequent confusion on test (7 of 16 wrong-identity boxes, see the confusion matrix); here on an unaugmented face, with 0.96 confidence."
08_fail_identity_test_0100.jpg,test_0100.jpg,Failure: identity confusion,"original scene, 4 labelled faces; 3 found correctly (confidence 0.97-0.98); **id_7007 predicted as id_4422** (0.87).","The same confusion (id_7007 as id_4422) in the same room, at lower confidence (0.87)."
09_fail_missed_test_aug_0056.jpg,test_aug_0056.jpg,Failure: missed face,"augmented copy, 4 labelled faces; 2 found correctly (confidence 0.95-0.97); **id_7007 missed** (134 px tall; the model's best box on it is id_7007 at 0.76, below the threshold); **id_2336 missed** (257 px tall; the model's best box on it is id_7007 at 0.74, below the threshold).","Both misses are threshold misses: the model does box these faces, at 0.74-0.76, just under 0.80. One is a small grey-scale face; the other is cut by the right border and boxed under the wrong name."
10_fail_missed_test_0023.jpg,test_0023.jpg,Failure: missed face,"original scene, 4 labelled faces; 3 found correctly (confidence 0.97-0.98); **id_7007 missed** (140 px tall; the model's best box on it is id_4422 at 0.64, below the threshold).","A fully visible, unaugmented id_7007 face missed at 0.80; the model's best box on it says id_4422 at 0.64. id_7007 faces are often split between id_7007 and id_4422 at moderate confidence, which is why id_7007 has the lowest test recall (0.815)."
11_fail_background_test_aug_0027.jpg,test_aug_0027.jpg,Failure: background false alarm,"augmented copy, 2 labelled faces; 1 found correctly (id_4422, 0.97); **1 box on no labelled face** (id_2336 0.81); **id_7007 missed** (158 px tall; the model's best box on it is id_4422 at 0.76, below the threshold).","The 'false alarm' on the right is a correct id_2336 face cut by the crop: the original scene (test_0027) labels id_2336 there, but Milestone 2 dropped the label in this copy because less than 30% of the box remained (min_visibility 0.3). A labelling artefact, not a model error."
12_fail_identity_test_aug_0012.jpg,test_aug_0012.jpg,Failure: identity confusion,"augmented copy, 4 labelled faces; 2 found correctly (confidence 0.91-0.95); **id_4422 predicted as id_2336** (0.81); **id_7007 missed** (181 px tall; the model's best box on it is id_2970 at 0.34, below the threshold).","Rotation and the crop push two faces together at the right border: id_7007 is almost entirely cut off, and its loose rotated box overlaps the id_4422 face, which is named id_2336 (0.81). The only overlapping faces in this selection; Milestone 2 composes scenes without overlap, so they only arise from augmentation."
13_fail_identity_test_aug_0023.jpg,test_aug_0023.jpg,Failure: identity confusion,"augmented copy, 3 labelled faces; 1 found correctly (id_2970, 0.97); **id_4422 predicted as id_7007** (0.94); **id_2336 missed** (131 px tall; the model's best box on it is id_7007 at 0.20, below the threshold).","Occlusion: dropout holes over the eye and mouth of id_4422 lead to id_7007 (0.94), and a hole over the top of id_2336's head leaves only a 0.20 box. The face is still located, but the identity cues are gone."
14_threshold_test_0084.jpg,test_0084.jpg,Threshold effect: confidence 0.25,"Drawn at confidence 0.25 instead of 0.80: original scene, 4 labelled faces; 4 found correctly (confidence 0.97-0.99); **3 boxes on no labelled face** (id_7007 0.60, id_7007 0.59, id_7007 0.41). At the operating point, 0 of these remain.","Chair backs at head height: the grey backrests in this test room are face-sized and roughly oval, and at the default threshold the model boxes three of them as id_7007 (0.41-0.60). Chair backs were behind every interior test false positive we inspected (46 at 0.25 in total, against 2 on validation); the validation-selected threshold of 0.80 removes them all."
15_borderline_test_aug_0079.jpg,test_aug_0079.jpg,Borderline: low-confidence hit,"augmented copy, 3 labelled faces; 3 found correctly (confidence 0.80-0.97).","The lowest-confidence correct detection in the split (id_2970 at 0.80, cut by the left border) sits right at the threshold: a slightly stricter setting would turn it into a miss."
